{
  "room_sizes": {
    "3": {
      "mean": 6.4,
      "std": 4.8,
      "min": 4,
      "max": 16
    },
    "4": {
      "mean": 7.333333333333333,
      "std": 6.18241233033047,
      "min": 2,
      "max": 16
    },
    "5": {
      "mean": 14.75,
      "std": 10.615436872781073,
      "min": 6,
      "max": 32
    },
    "7": {
      "mean": 10.5,
      "std": 5.894913061275798,
      "min": 4,
      "max": 20
    },
    "2": {
      "mean": 1.0,
      "std": 0.0,
      "min": 1,
      "max": 1
    },
    "6": {
      "mean": 15.5,
      "std": 6.5383484153110105,
      "min": 6,
      "max": 24
    },
    "9": {
      "mean": 8.0,
      "std": 0.0,
      "min": 8,
      "max": 8
    },
    "8": {
      "mean": 14.0,
      "std": 6.0,
      "min": 8,
      "max": 20
    },
    "10": {
      "mean": 6.0,
      "std": 0.0,
      "min": 6,
      "max": 6
    }
  },
  "adjacencies": {
    "3": {
      "3": 1.0
    },
    "4": {
      "4": 1.0
    },
    "5": {
      "5": 1.0
    },
    "7": {
      "7": 1.0
    },
    "6": {
      "6": 1.0
    },
    "9": {
      "9": 1.0
    },
    "8": {
      "8": 1.0
    },
    "10": {
      "10": 1.0
    }
  },
  "room_shapes": {
    "3": {
      "mean": 1.0,
      "std": 0.0
    },
    "4": {
      "mean": 0.8333333333333334,
      "std": 0.23570226039551584
    },
    "5": {
      "mean": 1.6666666666666667,
      "std": 0.2041241452319315
    },
    "7": {
      "mean": 1.1875,
      "std": 0.5412658773652742
    },
    "2": {
      "mean": 1.0,
      "std": 0.0
    },
    "6": {
      "mean": 2.375,
      "std": 1.243734296383275
    },
    "9": {
      "mean": 1.0,
      "std": 0.0
    },
    "8": {
      "mean": 1.625,
      "std": 0.375
    },
    "10": {
      "mean": 1.5,
      "std": 0.0
    }
  },
  "traffic_heat": [
    [
      0.0,
      0.25,
      0.3333333333333333,
      0.5,
      0.5833333333333333,
      0.5833333333333333,
      0.5,
      0.3333333333333333,
      0.25,
      0.0,
      0.25,
      0.3333333333333333,
      0.5,
      0.3333333333333333,
      0.25
    ],
    [
      0.0,
      0.3333333333333333,
      0.5,
      1.0,
      0.8333333333333333,
      0.8333333333333333,
      1.0,
      0.5,
      0.3333333333333333,
      0.0,
      0.3333333333333333,
      0.5,
      1.0,
      0.5,
      0.3333333333333333
    ],
    [
      0.0,
      0.5,
      1.0,
      0.0,
      1.5,
      1.5,
      0.0,
      1.25,
      0.8333333333333333,
      0.5,
      0.8333333333333333,
      1.25,
      0.0,
      1.0,
      0.5
    ],
    [
      0.0,
      0.5833333333333333,
      0.8333333333333333,
      1.5,
      1.1666666666666665,
      1.0833333333333333,
      1.0,
      0.8333333333333333,
      0.8333333333333333,
      1.0,
      0.8333333333333333,
      0.8333333333333333,
      1.0,
      0.5,
      0.3333333333333333
    ],
    [
      0.0,
      0.5833333333333333,
      0.8333333333333333,
      1.5,
      1.0833333333333333,
      0.9166666666666665,
      0.5,
      0.8333333333333333,
      1.5,
      0.3333333333333333,
      1.75,
      1.1666666666666665,
      0.75,
      0.3333333333333333,
      0.25
    ],
    [
      0.0,
      0.5,
      1.0,
      0.0,
      1.25,
      0.8333333333333333,
      0.5,
      0.6666666666666666,
      1.0833333333333333,
      1.5,
      1.5,
      0.8333333333333333,
      0.3333333333333333,
      0.0,
      0.0
    ],
    [
      0.0,
      0.3333333333333333,
      0.75,
      1.3333333333333333,
      1.3333333333333333,
      1.1666666666666665,
      1.25,
      0.75,
      1.1666666666666665,
      1.5,
      0.3333333333333333,
      1.25,
      0.5,
      0.0,
      0.0
    ],
    [
      0.0,
      0.25,
      0.6666666666666666,
      1.0,
      1.8333333333333333,
      1.75,
      0.3333333333333333,
      1.25,
      1.1666666666666665,
      1.0,
      1.3333333333333333,
      0.75,
      0.3333333333333333,
      0.0,
      0.0
    ],
    [
      0.0,
      0.0,
      0.5,
      1.0,
      0.3333333333333333,
      1.5,
      1.5,
      0.8333333333333333,
      1.0833333333333333,
      1.3333333333333333,
      1.0,
      0.6666666666666666,
      0.25,
      0.0,
      0.0
    ],
    [
      0.0,
      0.0,
      0.3333333333333333,
      0.5,
      1.25,
      0.8333333333333333,
      0.8333333333333333,
      0.8333333333333333,
      1.25,
      0.0,
      1.0,
      0.5,
      0.0,
      0.0,
      0.0
    ],
    [
      0.0,
      0.0,
      0.25,
      0.3333333333333333,
      0.5,
      0.3333333333333333,
      0.25,
      0.3333333333333333,
      0.5,
      1.0,
      0.5,
      0.3333333333333333,
      0.0,
      0.0,
      0.0
    ]
  ]
}